{
  "RB": [
    {
      "Power Clean": [315, 295, 275, 275, 235],
      "Squat": [605, 495, 430, 475, 425],
      "Bench": [355, 320, 305, 315, 285],
      "Wingspan": [69, 70.5, 71, 73.5, 73],
      "Weight": [213, 205, 190, 196, 196],
      "Height": [69.7, 68, 67.25, 69.5, 69.1],
      "Flying 10": [1.02, 1.04, 1.03, 1.01, 1],
      "10-Yard Dash": [1.64, 1.7, 1.68, 1.59, 1.6],
      "Vertical Jump (vertec)": [35, 28, 31.5, 37.5, 32.5],
      "Broad Jump": [112, 111, 112.5, 114, 113],
      "Vertical Jump (mat)": [42.7, 34.7, 35.4, 35, 29.6],
      "225lb Bench": [23, 18, 10, 14, 12],
      "60-Yard Shuttle": [12.5, 13.25, 12.7, 12.6, 12.88],
      "L Drill": [7.18, 7.34, 7.49, 7.41, 7.01],
      "Pro Agility": [4.39, 4.86, 4.53, 4.8, 4.66]
    }
  ],
  "OL": [
    {
      "Power Clean": [255, 295, 245, 280, 315, 305, 285, 245, 305],
      "Squat": [505, 525, 475, 615, 545, 545, 505, 510, 515],
      "Bench": [305, 395, 335, 415, 395, 335, 300, 355, 365],
      "Wingspan": [76.75, 71, 79, 77, 77.25, 76, 75, 75, 79.5, 77.5],
      "Weight": [295, 263, 296, 285, 282, 301.2, 300.6, 265, 300, 288],
      "Height": [76, 75.5, 74.4, 74.2, 74, 75, 75.25, 75.3, 75.3, 76.6, 74.5],
      "Flying 10": [1.19, 1.19, 1.13, 1.27, 1.25, 1.21, 1.16, 1.19],
      "10-Yard Dash": [1.8, 1.74, 1.76, 1.85, 1.97, 1.86, 1.83, 1.77],
      "Vertical Jump (vertec)": [26.5, 25, 26, 26.5, 22.5, 28, 28.5],
      "Broad Jump": [93, 99, 103, 103],
      "Vertical Jump (mat)": [20.5, 23.2, 22, 23.8, 24.6, 24.4, 29],
      "225lb Bench": [15, 15, 28, 15, 35, 32, 17, 14, 15, 18, 27],
      "60-Yard Shuttle": [13.62, 14.03, 13.21, 14.47, 13.38, 13.9, 12.97],
      "L Drill": [7.98, 7.78, 7.59, 7.61, 8.07, 7.97, 8.16],
      "Pro Agility": [5.03, 4.99, 4.82, 5.05, 4.84, 5.06, 4.8]
    }
  ],
  "QB": [
    {
      "Power Clean": [225, 225],
      "Squat": [355, 355],
      "Bench": [260, 235],
      "Wingspan": [75, 75.5, 74, 79.5, 72],
      "Weight": [212, 202, 196, 228.6, 185],
      "Height": [74, 76, 72, 78, 70.2],
      "Flying 10": [1.06, 1.03, 1.07, 1.04],
      "10-Yard Dash": [1.68, 1.62, 1.7, 1.66],
      "Vertical Jump (vertec)": [26.5, 35, 29.5, 28.5],
      "Broad Jump": [100.5, 115, 107],
      "Vertical Jump (mat)": [25.2, 29.3, 25.2, 27.5],
      "225lb Bench": [5, 2, 15, 3],
      "60-Yard Shuttle": [12.72, 12.6, 13.9, 12.56],
      "L Drill": [6.92, 7.27, 7.35, 7.01],
      "Pro Agility": [4.55, 4.7, 4.83, 4.55]
    }
  ],
  "SP": [
    {
      "Power Clean": [270, 225, 215, 195, 240],
      "Squat": [385, 335, 325, 395, 335],
      "Bench": [295, 225, 235, 245, 240],
      "Wingspan": [77, 76, 73, 70, 76.5],
      "Weight": [201, 204, 202, 185, 195],
      "Height": [74.5, 76, 72.2, 69.2, 75],
      "Flying 10": [1.07, 1.1, 1.15, 1.08, 1.05],
      "10-Yard Dash": [1.64, 1.71, 1.78, 1.72, 1.82],
      "Vertical Jump (vertec)": [32, 23.5, 27.5, 29.5, 30.5],
      "Broad Jump": [116, 97, 101, 105],
      "Vertical Jump (mat)": [26.3, 26.3, 26.3, 29.4],
      "225lb Bench": [11, 1, 1, 1, 1],
      "60-Yard Shuttle": [12.66, 14.44, 13.5, 12.97, 13.19],
      "L Drill": [7.35, 7.64, 7.71, 7.44, 7.27],
      "Pro Agility": [4.46, 5.01, 4.77, 4.79, 4.67]
    }
  ],
  "DB": [
    {
      "Power Clean": [255, 235, 265, 205, 225, 235],
      "Squat": [405, 415, 445, 335, 405, 405],
      "Bench": [265, 285, 300, 230, 275, 235],
      "Wingspan": [75.5, 76, 72, 76.5, 72.5, 75],
      "Weight": [179, 180, 187, 179, 190, 189],
      "Height": [70, 70.25, 71, 72.87, 71, 71],
      "Flying 10": [1.04, 1.04, 1, 1.08, 1.02, 1],
      "10-Yard Dash": [1.49, 1.74, 1.76, 1.7, 1.63, 1.64],
      "Vertical Jump (vertec)": [37.5, 37.5, 32.5, 37, 35, 35.5],
      "Broad Jump": [119, 114, 115, 117, 114, 118],
      "Vertical Jump (mat)": [35.7, 30.4, 29.7, 31.8, 31.6, 33.5],
      "225lb Bench": [6, 10, 9, 6, 3],
      "60-Yard Shuttle": [12.22, 12.59, 12.09, 12.43, 12.04, 12.44],
      "L Drill": [7.04, 7.15, 7.02, 7.06, 6.87, 6.84],
      "Pro Agility": [4.55, 4.6, 4.53, 4.54, 4.5]
    }
  ],
  "WR": [
    {
      "Power Clean": [275, 295, 275, 255, 315, 225, 275, 235],
      "Squat": [405, 495, 405, 375, 475, 365, 455, 440],
      "Bench": [335, 300, 275, 280, 315, 320, 265, 295, 230],
      "Wingspan": [75, 78, 73, 72.5, 80, 70, 72.5, 69, 71],
      "Weight": [191, 217, 195, 191, 214.3, 170, 179, 185, 179, 190],
      "Height": [73.73, 75.5, 71.7, 72.25, 74.1, 68.7, 69, 71.7, 66.3, 71.5],
      "Flying 10": [1, 1.02, 1.05, 1.03, 0.98, 0.95, 1.08, 0.97, 1.05],
      "10-Yard Dash": [1.68, 1.71, 1.68, 1.57, 1.66, 1.59, 1.76, 1.7, 1.63],
      "Vertical Jump (vertec)": [33.5, 34.5, 32.5, 35.5, 35.5, 30, 30, 33.5, 31.5],
      "Broad Jump": [125, 130, 118, 117.5, 124, 111, 105.5, 111.5, 111],
      "Vertical Jump (mat)": [36.4, 38.7, 31.1, 34.7, 34.6, 30.6, 31.5, 35, 28],
      "225lb Bench": [14, 12, 6, 9, 19, 15, 7, 8, 1],
      "60-Yard Shuttle": [12.12, 11.81, 13.47, 12.27, 12.53, 12.6, 12.09, 12.38, 12.09],
      "L Drill": [6.95, 6.79, 7.57, 6.92, 7.1, 6.97, 6.98, 7.21, 6.91],
      "Pro Agility": [4.38, 4.42, 4.78, 4.43, 4.29, 4.66, 4.53, 4.65, 4.46]
    }
  ],
  "DL": [
    {
      "Power Clean": [305, 295, 325, 260, 285, 275, 305, 275, 305, 285],
      "Squat": [455, 595, 465, 415, 345, 385, 585, 425, 455, 425, 455, 505],
      "Bench": [355, 345, 325, 275, 265, 345, 345, 295, 238, 355, 265],
      "Wingspan": [77.5, 77.5, 77, 77, 76, 73.5, 78, 79.5, 76.5, 75, 78, 81.5],
      "Weight": [237.6, 279, 278, 265, 242, 270, 278.5, 271, 263, 229, 262, 249],
      "Height": [75.25, 75.75, 77, 75.4, 73.5, 76, 74.5, 77.25, 76.3, 73.3, 75.5, 75, 75.5, 76],
      "Flying 10": [1.1, 1.09, 1.04, 1.21, 1.09, 1.2, 1.13, 1.16, 1.04, 1.08, 1.15, 1.05],
      "10-Yard Dash": [1.68, 1.74, 1.77, 1.84, 1.75, 1.87, 1.78, 1.75, 1.63, 1.74, 1.73, 1.64],
      "Vertical Jump (vertec)": [35, 28.5, 32.9, 29, 30, 24, 28, 25.5, 37.5, 34, 28, 28.5],
      "Broad Jump": [121, 110.5, 109.5, 107, 95, 107, 99.5, 123, 124, 105, 112.5],
      "Vertical Jump (mat)": [32.2, 28.3, 28.9, 23.8, 29.9, 20.3, 27.6, 24.4, 35.2, 36.5, 29.6],
      "225lb Bench": [16, 25, 15, 7, 20, 17, 23, 16, 17, 15, 5, 15],
      "60-Yard Shuttle": [12.62, 13.09, 13.06, 13.41, 13.25, 13.79, 13.82, 13.79, 12.47, 13.09, 13.06],
      "L Drill": [7.48, 7.39, 7.36, 7.13, 7.51, 7.5, 7.51, 7.77, 7.32, 7.49, 7.37, 7.22],
      "Pro Agility": [4.66, 4.93, 4.7, 4.84, 4.87, 4.97, 4.83, 5.13, 4.67, 4.66, 4.76]
    }
  ],
  "TE": [
    {
      "Power Clean": [275, 275, 265],
      "Squat": [455, 405],
      "Bench": [275, 275, 275, 275, 305],
      "Wingspan": [75.5, 79, 78.5, 75, 77],
      "Weight": [226, 243, 240, 237, 238],
      "Height": [75, 74.2, 76, 74.75, 77],
      "Flying 10": [1.06, 1.07, 1.1],
      "10-Yard Dash": [1.66, 1.76, 1.68],
      "Vertical Jump (vertec)": [29, 33.5, 28, 33],
      "Broad Jump": [110, 109, 101],
      "Vertical Jump (mat)": [30.1, 25.8, 25.4, 29.3],
      "225lb Bench": [7, 7, 14, 15],
      "60-Yard Shuttle": [12.94, 13.38, 13.34, 12.75],
      "L Drill": [7.3, 8.14, 7.33, 7.15],
      "Pro Agility": [4.76, 5.1, 4.79, 4.68]
    }
  ],
  "S": [
    {
      "Power Clean": [265, 225, 255, 305, 285, 245],
      "Squat": [445, 405, 375, 425, 485, 405],
      "Bench": [265, 285, 325, 315, 285],
      "Wingspan": [71.5, 73, 76, 72, 69.5, 72],
      "Weight": [178.2, 195, 193, 193, 179, 186],
      "Height": [70, 73, 74, 71.6, 68.4, 69.6],
      "Flying 10": [1.03, 1, 1.09, 1.03, 1.01, 1.1],
      "10-Yard Dash": [1.64, 1.66, 1.69, 1.77, 1.56, 1.66],
      "Vertical Jump (vertec)": [31.5, 30.5, 29.5, 38.5, 33, 33.5],
      "Broad Jump": [119, 113.5, 110, 125.5, 117, 119],
      "Vertical Jump (mat)": [34.5, 31.6, 27.3, 37.1, 34.1, 31.1],
      "225lb Bench": [5, 8, 2, 16, 15, 9],
      "60-Yard Shuttle": [12.56, 12.72, 12.69, 12.6, 12, 12.31],
      "L Drill": [7.27, 7.25, 7.08, 7.54, 7.09, 7.16],
      "Pro Agility": [4.6, 4.72, 4.67, 4.63, 4.74, 4.58]
    }
  ],
  "LB": [
    {
      "Power Clean": [225, 300, 265, 285, 255, 275, 315, 305, 265],
      "Squat": [435, 475, 455, 475, 385, 495, 500, 500, 425],
      "Bench": [275, 345, 315, 325, 300, 265, 325, 345, 355, 295],
      "Wingspan": [75, 74.5, 71.5, 77, 76, 79.5, 73, 74.5, 75.5, 74, 74],
      "Weight": [213, 240, 224, 222, 225, 200, 215, 212, 225, 219.3, 226],
      "Height": [72, 71, 73.3, 75.75, 74.5, 73.5, 73, 72, 72, 73.5, 72.87],
      "Flying 10": [1, 1.06, 1.03, 1, 1.03, 1.05, 1, 1.03, 1.1],
      "10-Yard Dash": [1.71, 1.85, 1.64, 1.6, 1.64, 1.66, 1.6, 1.6, 1.72],
      "Vertical Jump (vertec)": [28.5, 29, 28, 34, 33.5, 37.5, 32.5, 30, 30.5, 33.5],
      "Broad Jump": [104, 118.5, 118.5, 112, 121, 109.5, 114, 107],
      "Vertical Jump (mat)": [27.3, 29.3, 36.3, 31.7, 31.7, 31.3, 32.1, 35, 27.6],
      "225lb Bench": [9, 19, 21, 16, 12, 5, 15, 15, 22, 21, 12],
      "60-Yard Shuttle": [12.63, 12.81, 12.87, 11.87, 12.25, 12.97, 12.35, 12.97, 12.85, 12.4],
      "L Drill": [7.39, 7.17, 7.01, 7.16, 7.43, 7.33, 7.4],
      "Pro Agility": [4.55, 4.82, 4.63, 4.85, 4.54, 4.76, 4.56, 4.49, 4.77, 4.63]
    }
  ]
}
